{"cameraMode":{"drawMode":0,"name":"Shaded","section":"Shading Mode"},"sceneLighting":false,"audioPlay":false,"sceneViewState":{"m_AlwaysRefresh":false,"showFog":false,"showSkybox":false,"showFlares":false,"showImageEffects":false,"showParticleSystems":false,"showVisualEffectGraphs":true,"m_FxEnabled":true},"in2DMode":false,"pivot":{"x":1.2417396306991578,"y":-0.0305545125156641,"z":-0.004101506434381008},"rotation":{"x":0.10347733646631241,"y":0.7270174026489258,"z":-0.10646132379770279,"w":0.6720355153083801},"size":1.273559808731079,"orthographic":false}