{"cameraMode":{"drawMode":0,"name":"Shaded","section":"Shading Mode"},"sceneLighting":true,"audioPlay":false,"sceneViewState":{"m_AlwaysRefresh":false,"showFog":true,"showSkybox":true,"showFlares":true,"showImageEffects":true,"showParticleSystems":true,"showVisualEffectGraphs":true,"m_FxEnabled":true},"in2DMode":false,"pivot":{"x":-25.014007568359376,"y":10.0546293258667,"z":31.515090942382814},"rotation":{"x":0.024435799568891527,"y":-0.24855870008468629,"z":0.01112258993089199,"w":0.9694701433181763},"size":3.071918249130249,"orthographic":false}