{"cameraMode":{"drawMode":0,"name":"Shaded","section":"Shading Mode"},"sceneLighting":true,"audioPlay":false,"sceneViewState":{"m_AlwaysRefresh":false,"showFog":true,"showSkybox":true,"showFlares":true,"showImageEffects":true,"showParticleSystems":true,"showVisualEffectGraphs":true,"m_FxEnabled":true},"in2DMode":false,"pivot":{"x":-175.34188842773438,"y":0.7460241317749023,"z":-11.777918815612793},"rotation":{"x":-0.006501894909888506,"y":-0.9999475479125977,"z":0.051552508026361468,"w":-0.0169000793248415},"size":58.841922760009769,"orthographic":false}