{"cameraMode":{"drawMode":0,"name":"Shaded","section":"Shading Mode"},"sceneLighting":true,"audioPlay":false,"sceneViewState":{"m_AlwaysRefresh":false,"showFog":true,"showSkybox":true,"showFlares":true,"showImageEffects":true,"showParticleSystems":true,"showVisualEffectGraphs":true,"m_FxEnabled":true},"in2DMode":false,"pivot":{"x":3.8902013301849367,"y":-21.780235290527345,"z":-80.7185287475586},"rotation":{"x":-0.034694500267505649,"y":0.9638338088989258,"z":-0.20924261212348939,"w":-0.16476494073867799},"size":66.39689636230469,"orthographic":false}