{"cameraMode":{"drawMode":0,"name":"Shaded","section":"Shading Mode"},"sceneLighting":true,"audioPlay":false,"sceneViewState":{"m_AlwaysRefresh":false,"showFog":true,"showSkybox":false,"showFlares":true,"showImageEffects":true,"showParticleSystems":true,"showVisualEffectGraphs":true,"m_FxEnabled":true},"in2DMode":false,"pivot":{"x":0.18784451484680177,"y":0.07919014990329743,"z":1.1342787742614747},"rotation":{"x":-0.014516500756144524,"y":0.8800502419471741,"z":-0.03037750907242298,"w":-0.47564736008644106},"size":0.3689991533756256,"orthographic":false}