{"cameraMode":{"drawMode":0,"name":"Shaded","section":"Shading Mode"},"sceneLighting":false,"audioPlay":false,"sceneViewState":{"m_AlwaysRefresh":false,"showFog":true,"showSkybox":false,"showFlares":true,"showImageEffects":true,"showParticleSystems":true,"showVisualEffectGraphs":true,"m_FxEnabled":true},"in2DMode":false,"pivot":{"x":0.0601997971534729,"y":1.0348200798034669,"z":-0.9467029571533203},"rotation":{"x":0.0018024665769189597,"y":0.9987632632255554,"z":-0.06603159010410309,"w":-0.00718239089474082},"size":1.1783719062805176,"orthographic":false}