{"cameraMode":{"drawMode":0,"name":"Shaded","section":"Shading Mode"},"sceneLighting":true,"audioPlay":false,"sceneViewState":{"m_AlwaysRefresh":false,"showFog":true,"showSkybox":false,"showFlares":true,"showImageEffects":true,"showParticleSystems":true,"showVisualEffectGraphs":true,"m_FxEnabled":true},"in2DMode":false,"pivot":{"x":0.5407577157020569,"y":-0.0813392773270607,"z":0.9201831817626953},"rotation":{"x":-0.07629968225955963,"y":-0.6966155171394348,"z":0.07287919521331787,"w":-0.7109770178794861},"size":0.7379259467124939,"orthographic":false}