{"cameraMode":{"drawMode":0,"name":"Shaded","section":"Shading Mode"},"sceneLighting":false,"audioPlay":false,"sceneViewState":{"m_AlwaysRefresh":false,"showFog":true,"showSkybox":false,"showFlares":true,"showImageEffects":true,"showParticleSystems":true,"showVisualEffectGraphs":true,"m_FxEnabled":true},"in2DMode":false,"pivot":{"x":-57.109073638916019,"y":0.14146804809570313,"z":59.4051399230957},"rotation":{"x":0.03996751084923744,"y":-0.24217845499515534,"z":0.010804407298564911,"w":0.9695819020271301},"size":61.15089416503906,"orthographic":false}