{"cameraMode":{"drawMode":0,"name":"Shaded","section":"Shading Mode"},"sceneLighting":false,"audioPlay":false,"sceneViewState":{"m_AlwaysRefresh":false,"showFog":true,"showSkybox":false,"showFlares":true,"showImageEffects":true,"showParticleSystems":true,"showVisualEffectGraphs":true,"m_FxEnabled":true},"in2DMode":false,"pivot":{"x":0.10774017870426178,"y":0.811145544052124,"z":0.562379002571106},"rotation":{"x":-0.038522712886333469,"y":0.9283627271652222,"z":-0.3572772443294525,"w":-0.1044575572013855},"size":0.003443758701905608,"orthographic":false}