{"cameraMode":{"drawMode":0,"name":"Shaded","section":"Shading Mode"},"sceneLighting":true,"audioPlay":false,"sceneViewState":{"m_AlwaysRefresh":false,"showFog":true,"showSkybox":false,"showFlares":true,"showImageEffects":true,"showParticleSystems":true,"showVisualEffectGraphs":true,"m_FxEnabled":true},"in2DMode":false,"pivot":{"x":0.5692824721336365,"y":-0.1481478065252304,"z":0.7853855490684509},"rotation":{"x":-0.09052585065364838,"y":-0.7823075652122498,"z":0.1145755872130394,"w":-0.6070988178253174},"size":0.7379259467124939,"orthographic":false}