{"cameraMode":{"drawMode":0,"name":"Shaded","section":"Shading Mode"},"sceneLighting":false,"audioPlay":false,"sceneViewState":{"m_AlwaysRefresh":false,"showFog":true,"showSkybox":false,"showFlares":true,"showImageEffects":true,"showParticleSystems":true,"showVisualEffectGraphs":true,"m_FxEnabled":true},"in2DMode":false,"pivot":{"x":-0.8470364809036255,"y":0.22326485812664033,"z":-0.37753063440322878},"rotation":{"x":-0.05904149264097214,"y":-0.5184996128082275,"z":0.03457740694284439,"w":-0.8534538745880127},"size":0.00001732051168801263,"orthographic":false}