{"cameraMode":{"drawMode":0,"name":"Shaded","section":"Shading Mode"},"sceneLighting":true,"audioPlay":false,"sceneViewState":{"m_AlwaysRefresh":false,"showFog":true,"showSkybox":false,"showFlares":true,"showImageEffects":true,"showParticleSystems":true,"showVisualEffectGraphs":true,"m_FxEnabled":true},"in2DMode":false,"pivot":{"x":-0.31420326232910159,"y":0.051349759101867679,"z":0.9683499336242676},"rotation":{"x":-0.08635879307985306,"y":-0.24625252187252046,"z":0.020587414503097535,"w":-0.9661087989807129},"size":0.8907921314239502,"orthographic":false}