{"cameraMode":{"drawMode":0,"name":"Shaded","section":"Shading Mode"},"sceneLighting":false,"audioPlay":false,"sceneViewState":{"m_AlwaysRefresh":false,"showFog":true,"showSkybox":false,"showFlares":true,"showImageEffects":true,"showParticleSystems":true,"showVisualEffectGraphs":true,"m_FxEnabled":true},"in2DMode":false,"pivot":{"x":0.12014752626419068,"y":0.01926577091217041,"z":-0.006525516510009766},"rotation":{"x":-0.08635879307985306,"y":-0.24625252187252046,"z":0.020587414503097535,"w":-0.9661087989807129},"size":1.2716565132141114,"orthographic":false}