{"cameraMode":{"drawMode":0,"name":"Shaded","section":"Shading Mode"},"sceneLighting":true,"audioPlay":false,"sceneViewState":{"m_AlwaysRefresh":false,"showFog":true,"showSkybox":false,"showFlares":true,"showImageEffects":true,"showParticleSystems":true,"showVisualEffectGraphs":true,"m_FxEnabled":true},"in2DMode":false,"pivot":{"x":0.5851699709892273,"y":-0.21273347735404969,"z":0.7477992177009583},"rotation":{"x":-0.13880334794521333,"y":-0.7315748929977417,"z":0.15422259271144868,"w":-0.6508834958076477},"size":0.8609015345573425,"orthographic":false}