{"cameraMode":{"drawMode":0,"name":"Shaded","section":"Shading Mode"},"sceneLighting":false,"audioPlay":false,"sceneViewState":{"m_AlwaysRefresh":false,"showFog":true,"showSkybox":false,"showFlares":true,"showImageEffects":true,"showParticleSystems":true,"showVisualEffectGraphs":true,"m_FxEnabled":true},"in2DMode":false,"pivot":{"x":0.6899999380111694,"y":8.449999809265137,"z":10.069999694824219},"rotation":{"x":0.058338239789009097,"y":0.11953163892030716,"z":-0.007141411304473877,"w":0.9912370443344116},"size":4.450311183929443,"orthographic":false}