{"cameraMode":{"drawMode":0,"name":"Shaded","section":"Shading Mode"},"sceneLighting":false,"audioPlay":false,"sceneViewState":{"m_AlwaysRefresh":false,"showFog":true,"showSkybox":false,"showFlares":true,"showImageEffects":true,"showParticleSystems":true,"showVisualEffectGraphs":true,"m_FxEnabled":true},"in2DMode":false,"pivot":{"x":-0.19240164756774903,"y":0.07850335538387299,"z":-0.12336169928312302},"rotation":{"x":-0.1703089475631714,"y":-0.4691532254219055,"z":0.09156828373670578,"w":-0.8627936840057373},"size":0.0024215998128056528,"orthographic":false}