{"cameraMode":{"drawMode":0,"name":"Shaded","section":"Shading Mode"},"sceneLighting":false,"audioPlay":false,"sceneViewState":{"m_AlwaysRefresh":false,"showFog":true,"showSkybox":false,"showFlares":true,"showImageEffects":true,"showParticleSystems":true,"showVisualEffectGraphs":true,"m_FxEnabled":true},"in2DMode":false,"pivot":{"x":2.9802322387695315e-8,"y":0.8910938501358032,"z":-0.029338210821151735},"rotation":{"x":0.0039550974033772949,"y":0.998589813709259,"z":-0.026225076988339425,"w":0.06369476765394211},"size":1.1744927167892457,"orthographic":false}